<?xml version="1.0" encoding="UTF-8"?>
        <!-- Generated by eXe - http://exelearning.net -->
        <manifest identifier="eXeadPractica5fdb2d312593a97f2e1"
        xmlns="http://www.imsglobal.org/xsd/imscp_v1p1"
        xmlns:imsmd="http://www.imsglobal.org/xsd/imsmd_v1p2"
        xmlns:xsi="http://www.w3.org/2001/XMLSchema-instance"
        xmlns:lom="http://ltsc.ieee.org/xsd/LOM"
        
 xsi:schemaLocation="http://www.imsglobal.org/xsd/imscp_v1p1 imscp_v1p1.xsd http://www.imsglobal.org/xsd/imsmd_v1p2 imsmd_v1p2p2.xsd"> 
<metadata> 
 <schema>IMS Content</schema> 
 <schemaversion>1.1.3</schemaversion> 
 <lom:lom><lom:general uniqueElementName="general"><lom:identifier><lom:catalog uniqueElementName="catalog">My Catalog</lom:catalog><lom:entry uniqueElementName="entry">4a7d755e-34a5-410a-a7d4-601881136623</lom:entry></lom:identifier><lom:title><lom:string language="es">Electricidad práctica</lom:string></lom:title><lom:language>es</lom:language><lom:description><lom:string language="es">Fichas de trabajo de montajes eléctricos</lom:string></lom:description><lom:aggregationLevel uniqueElementName="aggregationLevel"><lom:source uniqueElementName="source">LOM-ESv1.0</lom:source><lom:value uniqueElementName="value">2</lom:value></lom:aggregationLevel></lom:general><lom:lifeCycle><lom:contribute><lom:role uniqueElementName="role"><lom:source uniqueElementName="source">LOM-ESv1.0</lom:source><lom:value uniqueElementName="value">author</lom:value></lom:role><lom:entity>BEGIN:VCARD VERSION:3.0 FN:Aurelio Gallardo Rodríguez EMAIL;TYPE=INTERNET: ORG: END:VCARD</lom:entity><lom:date><lom:dateTime uniqueElementName="dateTime">2021-02-15T19:40:03.00+01:00</lom:dateTime><lom:description><lom:string language="es">Fecha de creación de los metadatos</lom:string></lom:description></lom:date></lom:contribute></lom:lifeCycle><lom:metaMetadata uniqueElementName="metaMetadata"><lom:contribute><lom:role uniqueElementName="role"><lom:source uniqueElementName="source">LOM-ESv1.0</lom:source><lom:value uniqueElementName="value">creator</lom:value></lom:role><lom:entity>BEGIN:VCARD VERSION:3.0 FN:Aurelio Gallardo Rodríguez EMAIL;TYPE=INTERNET: ORG: END:VCARD</lom:entity><lom:date><lom:dateTime uniqueElementName="dateTime">2021-02-15T19:32:38.00+01:00</lom:dateTime><lom:description><lom:string language="es">Fecha de creación de los metadatos</lom:string></lom:description></lom:date></lom:contribute><lom:metadataSchema>LOM-ESv1.0</lom:metadataSchema><lom:language>es</lom:language></lom:metaMetadata><lom:technical uniqueElementName="technical"><lom:otherPlatformRequirements><lom:string language="es">editor: eXe Learning</lom:string></lom:otherPlatformRequirements></lom:technical><lom:educational><lom:learningResourceType><lom:source uniqueElementName="source">LOM-ESv1.0</lom:source><lom:value uniqueElementName="value">real or virtual learning environment</lom:value></lom:learningResourceType><lom:intendedEndUserRole><lom:source uniqueElementName="source">LOM-ESv1.0</lom:source><lom:value uniqueElementName="value">learner</lom:value></lom:intendedEndUserRole><lom:intendedEndUserRole><lom:source uniqueElementName="source">LOM-ESv1.0</lom:source><lom:value uniqueElementName="value">group</lom:value></lom:intendedEndUserRole><lom:context><lom:source uniqueElementName="source">LOM-ESv1.0</lom:source><lom:value uniqueElementName="value">presencial</lom:value></lom:context><lom:context><lom:source uniqueElementName="source">LOM-ESv1.0</lom:source><lom:value uniqueElementName="value">classroom</lom:value></lom:context><lom:description><lom:string language="es">OBJETIVOS: Abordar con autonomía y creatividad, individualmente y en grupo, problemas tecnológicos, trabajando de forma ordenada y metódica para estudiar el problema, recopilar y seleccionar información procedente de distintas fuentes, elaborar la documentación pertinente, concebir, diseñar, planificar y construir objetos o sistemas que resuelvan el problema estudiado y evaluar su idoneidad desde distintos puntos de vista.
Disponer de destrezas técnicas y conocimientos suficientes para el análisis, intervención, diseño, elaboración y manipulación de forma segura y precisa de materiales, objetos, programas y sistemas tecnológicos.
Analizar los objetos y sistemas técnicos para comprender su funcionamiento, conocer sus elementos y las funciones que realizan, aprender la mejor forma de usarlos y controlarlos y entender las condiciones fundamentales que han intervenido en su diseño y construcción.
Expresar y comunicar ideas y soluciones técnicas, así como explorar su viabilidad y alcance utilizando los medios tecnológicos, recursos gráficos, la simbología y el vocabulario adecuados.
Adoptar actitudes favorables a la resolución de problemas técnicos, desarrollando interés y curiosidad hacia la actividad tecnológica, analizando y valorando críticamente la investigación y el desarrollo tecnológico y su influencia en la sociedad, en el medio ambiente, en la salud y en el bienestar personal y colectivo.
Actuar de forma dialogante, flexible y responsable en el trabajo en equipo, en la búsqueda de soluciones, en la toma de decisiones y en la ejecución de las tareas encomendadas con actitud de respeto, cooperación, tolerancia y solidaridad.</lom:string></lom:description><lom:description><lom:string language="es">CONOCIMIENTO PREVIO: Ninguno, aunque no vienen mal conocimientos básicos sobre lo que es la tensión, intensidad o resistencia. </lom:string></lom:description><lom:language>es</lom:language></lom:educational><lom:rights uniqueElementName="rights"><lom:copyrightAndOtherRestrictions uniqueElementName="copyrightAndOtherRestrictions"><lom:source uniqueElementName="source">LOM-ESv1.0</lom:source><lom:value uniqueElementName="value">creative commons: attribution - share alike</lom:value></lom:copyrightAndOtherRestrictions><lom:access uniqueElementName="access"><lom:accessType uniqueElementName="accessType"><lom:source uniqueElementName="source">LOM-ESv1.0</lom:source><lom:value uniqueElementName="value">universal</lom:value></lom:accessType><lom:description><lom:string language="en">Default</lom:string></lom:description></lom:access></lom:rights></lom:lom>
</metadata> 
<organizations default="eXeadPractica5fdb2d312593a97f2e2">  
<organization identifier="eXeadPractica5fdb2d312593a97f2e2" structure="hierarchical">  
<title>Electricidad práctica</title>
<item identifier="ITEM-eXeadPractica5fdb2d312593a97f2e3" isvisible="true" identifierref="RES-eXeadPractica5fdb2d312593a97f2e4">
    <title>Fundamentos de electricidad práctica</title>
<item identifier="ITEM-eXeadPractica5fdb2d312593a97f2f5" isvisible="true" identifierref="RES-eXeadPractica5fdb2d312593a97f2f6">
    <title>Objetivos</title>
</item>
<item identifier="ITEM-eXeadPractica5fdb2d312593a97f2f7" isvisible="true" identifierref="RES-eXeadPractica5fdb2d312593a97f2f8">
    <title>Contenidos y criterios de evaluación</title>
</item>
<item identifier="ITEM-eXeadPractica5fdb2d312593a97f2f9" isvisible="true" identifierref="RES-eXeadPractica5fdb2d312593a97f2fa">
    <title>Tareas</title>
<item identifier="ITEM-eXeadPractica5fdb2d312593a97f2fb" isvisible="true" identifierref="RES-eXeadPractica5fdb2d312593a97f2fc">
    <title>Tarea 1: empalmes</title>
<item identifier="ITEM-eXeadPractica5fdb2d312593a97f2fd" isvisible="true" identifierref="RES-eXeadPractica5fdb2d312593a97f2fe">
    <title>Actividad 1: conexiones semipermanentes</title>
<item identifier="ITEM-eXeadPractica5fdb2d312593a97f2ff" isvisible="true" identifierref="RES-eXeadPractica5fdb2d312593a97f2f10">
    <title>Ejercicio 1: Unión de dos cables de hilos de cobre con cinta aislante (método 1)</title>
</item>
<item identifier="ITEM-eXeadPractica5fdb2d312593a97f2f11" isvisible="true" identifierref="RES-eXeadPractica5fdb2d312593a97f2f12">
    <title>Ejercicio 2: Unión de dos cables de hilos de cobre con cinta aislante (método dos)</title>
</item>
<item identifier="ITEM-eXeadPractica5fdb2d312593a97f3013" isvisible="true" identifierref="RES-eXeadPractica5fdb2d312593a97f3014">
    <title>Ejercicio 3: Unión de un cable a la mitad de otro.</title>
</item>
<item identifier="ITEM-eXeadPractica5fdb2d312593a97f3015" isvisible="true" identifierref="RES-eXeadPractica5fdb2d312593a97f3016">
    <title>Ejercicio 4: Unión de dos cables rígidos de cobre.</title>
</item>
<item identifier="ITEM-eXeadPractica5fdb2d312593a97f3017" isvisible="true" identifierref="RES-eXeadPractica5fdb2d312593a97f3018">
    <title>Ejercicio 5: Unión de un cable con otro mediante ficha de empalme.</title>
</item>
</item>
<item identifier="ITEM-eXeadPractica5fdb2d312593a97f3119" isvisible="true" identifierref="RES-eXeadPractica5fdb2d312593a97f311a">
    <title>Actividad 2: conexiones permanentes</title>
</item>
</item>
<item identifier="ITEM-eXeadPractica5fdb2d312593a97f311b" isvisible="true" identifierref="RES-eXeadPractica5fdb2d312593a97f311c">
    <title>Tarea 2: circuitos simples</title>
<item identifier="ITEM-eXeadPractica5fdb2d312593a97f311d" isvisible="true" identifierref="RES-eXeadPractica5fdb2d312593a97f311e">
    <title>Actividad 1: bombillas e interruptores</title>
<item identifier="ITEM-eXeadPractica5fdb2d312593a97f311f" isvisible="true" identifierref="RES-eXeadPractica5fdb2d312593a97f3120">
    <title>Ejercicio 6:  Circuito 1:  bombilla controlada con interruptor.</title>
</item>
<item identifier="ITEM-eXeadPractica5fdb2d312593a97f3121" isvisible="true" identifierref="RES-eXeadPractica5fdb2d312593a97f3122">
    <title>Ejercicio 7:  Circuito 2:  dos bombillas controladas por un solo interruptor..</title>
</item>
</item>
<item identifier="ITEM-eXeadPractica5fdb2d312593a97f3223" isvisible="true" identifierref="RES-eXeadPractica5fdb2d312593a97f3224">
    <title>Actividad 2: otros circuitos sencillos</title>
<item identifier="ITEM-eXeadPractica5fdb2d312593a97f3225" isvisible="true" identifierref="RES-eXeadPractica5fdb2d312593a97f3226">
    <title>Ejercicio 8: Circuito 3: pulsador y timbre</title>
</item>
<item identifier="ITEM-eXeadPractica5fdb2d312593a97f3227" isvisible="true" identifierref="RES-eXeadPractica5fdb2d312593a97f3228">
    <title>Ejercicio 9:  Circuito 4:  luz controlada desde dos mandos.</title>
</item>
</item>
</item>
<item identifier="ITEM-eXeadPractica5fdb2d312593a97f3229" isvisible="true" identifierref="RES-eXeadPractica5fdb2d312593a97f322a">
    <title>Tarea 3: circuitos con más complejidad</title>
<item identifier="ITEM-eXeadPractica5fdb2d312593a97f322b" isvisible="true" identifierref="RES-eXeadPractica5fdb2d312593a97f322c">
    <title>Actividad 1: montajes también habituales en una vivienda</title>
<item identifier="ITEM-eXeadPractica5fdb2d312593a97f332d" isvisible="true" identifierref="RES-eXeadPractica5fdb2d312593a97f332e">
    <title>Ejercicio 10:  luz controlada desde tres mandos (circuito 5)</title>
</item>
<item identifier="ITEM-eXeadPractica5fdb2d312593a97f332f" isvisible="true" identifierref="RES-eXeadPractica5fdb2d312593a97f3330">
    <title>Ejercicio 11: instalación completa de una habitación (circuito 6)</title>
</item>
</item>
<item identifier="ITEM-eXeadPractica5fdb2d312593a97f3331" isvisible="true" identifierref="RES-eXeadPractica5fdb2d312593a97f3332">
    <title>Actividad 2: montajes no tan habituales</title>
<item identifier="ITEM-eXeadPractica5fdb2d312593a97f3333" isvisible="true" identifierref="RES-eXeadPractica5fdb2d312593a97f3334">
    <title>Ejercicio 12: Fluorescente (circuito 7)</title>
</item>
<item identifier="ITEM-eXeadPractica5fdb2d312593a97f3435" isvisible="true" identifierref="RES-eXeadPractica5fdb2d312593a97f3436">
    <title>Ejercicio 13: focos con transformador (circuito 8)</title>
</item>
<item identifier="ITEM-eXeadPractica5fdb2d312593a97f3437" isvisible="true" identifierref="RES-eXeadPractica5fdb2d312593a97f3438">
    <title>Ejercicio 14: luces de una bodega (circuito 9)</title>
</item>
</item>
</item>
</item>
</item>
</organization>
</organizations>
<resources>
<resource identifier="RES-eXeadPractica5fdb2d312593a97f2e4" type="webcontent" href="index.html"> 
    <file href="index.html"/>
    <file href="base.css"/>
    <file href="content.css"/>
    <file href="exe_html5.js"/>
    <file href="exe_jquery.js"/>
</resource>
<resource identifier="RES-eXeadPractica5fdb2d312593a97f2f6" type="webcontent" href="objetivos.html"> 
    <file href="objetivos.html"/>
    <file href="base.css"/>
    <file href="content.css"/>
    <file href="exe_html5.js"/>
    <file href="exe_jquery.js"/>
</resource>
<resource identifier="RES-eXeadPractica5fdb2d312593a97f2f8" type="webcontent" href="contenidos_y_criterios_de_evaluacin.html"> 
    <file href="contenidos_y_criterios_de_evaluacin.html"/>
    <file href="base.css"/>
    <file href="content.css"/>
    <file href="exe_html5.js"/>
    <file href="exe_jquery.js"/>
</resource>
<resource identifier="RES-eXeadPractica5fdb2d312593a97f2fa" type="webcontent" href="tareas.html"> 
    <file href="tareas.html"/>
    <file href="base.css"/>
    <file href="content.css"/>
    <file href="exe_html5.js"/>
    <file href="exe_jquery.js"/>
</resource>
<resource identifier="RES-eXeadPractica5fdb2d312593a97f2fc" type="webcontent" href="tarea_1_empalmes.html"> 
    <file href="tarea_1_empalmes.html"/>
    <file href="base.css"/>
    <file href="content.css"/>
    <file href="exe_html5.js"/>
    <file href="exe_jquery.js"/>
</resource>
<resource identifier="RES-eXeadPractica5fdb2d312593a97f2fe" type="webcontent" href="actividad_1_conexiones_semipermanentes.html"> 
    <file href="actividad_1_conexiones_semipermanentes.html"/>
    <file href="base.css"/>
    <file href="content.css"/>
    <file href="exe_html5.js"/>
    <file href="exe_jquery.js"/>
</resource>
<resource identifier="RES-eXeadPractica5fdb2d312593a97f2f10" type="webcontent" href="ejercicio_1_unin_de_dos_cables_de_hilos_de_cobre_con_cinta_aislante_mtodo_1.html"> 
    <file href="ejercicio_1_unin_de_dos_cables_de_hilos_de_cobre_con_cinta_aislante_mtodo_1.html"/>
    <file href="base.css"/>
    <file href="content.css"/>
    <file href="exe_html5.js"/>
    <file href="exe_jquery.js"/>
    <file href="interactive-video-bg.gif"/>
    <file href="interactive-video-less.gif"/>
    <file href="interactive-video-loading.gif"/>
    <file href="interactive-video-more.gif"/>
    <file href="interactive-video-sorter.png"/>
    <file href="interactive-video.css"/>
    <file href="interactive-video.js"/>
</resource>
<resource identifier="RES-eXeadPractica5fdb2d312593a97f2f12" type="webcontent" href="ejercicio_2_unin_de_dos_cables_de_hilos_de_cobre_con_cinta_aislante_mtodo_dos.html"> 
    <file href="ejercicio_2_unin_de_dos_cables_de_hilos_de_cobre_con_cinta_aislante_mtodo_dos.html"/>
    <file href="base.css"/>
    <file href="content.css"/>
    <file href="exe_html5.js"/>
    <file href="exe_jquery.js"/>
    <file href="interactive-video-bg.gif"/>
    <file href="interactive-video-less.gif"/>
    <file href="interactive-video-loading.gif"/>
    <file href="interactive-video-more.gif"/>
    <file href="interactive-video-sorter.png"/>
    <file href="interactive-video.css"/>
    <file href="interactive-video.js"/>
</resource>
<resource identifier="RES-eXeadPractica5fdb2d312593a97f3014" type="webcontent" href="ejercicio_3_unin_de_un_cable_a_la_mitad_de_otro.html"> 
    <file href="ejercicio_3_unin_de_un_cable_a_la_mitad_de_otro.html"/>
    <file href="base.css"/>
    <file href="content.css"/>
    <file href="exe_html5.js"/>
    <file href="exe_jquery.js"/>
    <file href="interactive-video-bg.gif"/>
    <file href="interactive-video-less.gif"/>
    <file href="interactive-video-loading.gif"/>
    <file href="interactive-video-more.gif"/>
    <file href="interactive-video-sorter.png"/>
    <file href="interactive-video.css"/>
    <file href="interactive-video.js"/>
</resource>
<resource identifier="RES-eXeadPractica5fdb2d312593a97f3016" type="webcontent" href="ejercicio_4_unin_de_dos_cables_rgidos_de_cobre.html"> 
    <file href="ejercicio_4_unin_de_dos_cables_rgidos_de_cobre.html"/>
    <file href="base.css"/>
    <file href="content.css"/>
    <file href="exe_html5.js"/>
    <file href="exe_jquery.js"/>
    <file href="interactive-video-bg.gif"/>
    <file href="interactive-video-less.gif"/>
    <file href="interactive-video-loading.gif"/>
    <file href="interactive-video-more.gif"/>
    <file href="interactive-video-sorter.png"/>
    <file href="interactive-video.css"/>
    <file href="interactive-video.js"/>
</resource>
<resource identifier="RES-eXeadPractica5fdb2d312593a97f3018" type="webcontent" href="ejercicio_5_unin_de_un_cable_con_otro_mediante_ficha_de_empalme.html"> 
    <file href="ejercicio_5_unin_de_un_cable_con_otro_mediante_ficha_de_empalme.html"/>
    <file href="base.css"/>
    <file href="content.css"/>
    <file href="exe_html5.js"/>
    <file href="exe_jquery.js"/>
    <file href="safety-44447_640.png"/>
    <file href="imagen.png"/>
    <file href="imagen.1.png"/>
    <file href="interactive-video-bg.gif"/>
    <file href="interactive-video-less.gif"/>
    <file href="interactive-video-loading.gif"/>
    <file href="interactive-video-more.gif"/>
    <file href="interactive-video-sorter.png"/>
    <file href="interactive-video.css"/>
    <file href="interactive-video.js"/>
</resource>
<resource identifier="RES-eXeadPractica5fdb2d312593a97f311a" type="webcontent" href="actividad_2_conexiones_permanentes.html"> 
    <file href="actividad_2_conexiones_permanentes.html"/>
    <file href="base.css"/>
    <file href="content.css"/>
    <file href="exe_html5.js"/>
    <file href="exe_jquery.js"/>
</resource>
<resource identifier="RES-eXeadPractica5fdb2d312593a97f311c" type="webcontent" href="tarea_2_circuitos_simples.html"> 
    <file href="tarea_2_circuitos_simples.html"/>
    <file href="base.css"/>
    <file href="content.css"/>
    <file href="exe_html5.js"/>
    <file href="exe_jquery.js"/>
</resource>
<resource identifier="RES-eXeadPractica5fdb2d312593a97f311e" type="webcontent" href="actividad_1_bombillas_e_interruptores.html"> 
    <file href="actividad_1_bombillas_e_interruptores.html"/>
    <file href="base.css"/>
    <file href="content.css"/>
    <file href="exe_html5.js"/>
    <file href="exe_jquery.js"/>
</resource>
<resource identifier="RES-eXeadPractica5fdb2d312593a97f3120" type="webcontent" href="ejercicio_6__circuito_1__bombilla_controlada_con_interruptor.html"> 
    <file href="ejercicio_6__circuito_1__bombilla_controlada_con_interruptor.html"/>
    <file href="base.css"/>
    <file href="content.css"/>
    <file href="exe_html5.js"/>
    <file href="exe_jquery.js"/>
    <file href="imagen.6.png"/>
    <file href="438px-HomeEarthRodAustralia1.jpg"/>
    <file href="imagen.4.png"/>
    <file href="imagen.5.png"/>
    <file href="imagen.2.png"/>
    <file href="imagen.3.png"/>
    <file href="img2.2.png"/>
    <file href="interactive-video-bg.gif"/>
    <file href="interactive-video-less.gif"/>
    <file href="interactive-video-loading.gif"/>
    <file href="interactive-video-more.gif"/>
    <file href="interactive-video-sorter.png"/>
    <file href="interactive-video.css"/>
    <file href="interactive-video.js"/>
</resource>
<resource identifier="RES-eXeadPractica5fdb2d312593a97f3122" type="webcontent" href="ejercicio_7__circuito_2__dos_bombillas_controladas_por_un_solo_interruptor.html"> 
    <file href="ejercicio_7__circuito_2__dos_bombillas_controladas_por_un_solo_interruptor.html"/>
    <file href="base.css"/>
    <file href="content.css"/>
    <file href="exe_html5.js"/>
    <file href="exe_jquery.js"/>
    <file href="img0.png"/>
    <file href="img1.png"/>
    <file href="img2.png"/>
    <file href="imagen.7.png"/>
    <file href="interactive-video-bg.gif"/>
    <file href="interactive-video-less.gif"/>
    <file href="interactive-video-loading.gif"/>
    <file href="interactive-video-more.gif"/>
    <file href="interactive-video-sorter.png"/>
    <file href="interactive-video.css"/>
    <file href="interactive-video.js"/>
</resource>
<resource identifier="RES-eXeadPractica5fdb2d312593a97f3224" type="webcontent" href="actividad_2_otros_circuitos_sencillos.html"> 
    <file href="actividad_2_otros_circuitos_sencillos.html"/>
    <file href="base.css"/>
    <file href="content.css"/>
    <file href="exe_html5.js"/>
    <file href="exe_jquery.js"/>
</resource>
<resource identifier="RES-eXeadPractica5fdb2d312593a97f3226" type="webcontent" href="ejercicio_8_circuito_3_pulsador_y_timbre.html"> 
    <file href="ejercicio_8_circuito_3_pulsador_y_timbre.html"/>
    <file href="base.css"/>
    <file href="content.css"/>
    <file href="exe_html5.js"/>
    <file href="exe_jquery.js"/>
    <file href="Electric_bell.jpg"/>
    <file href="img1.3.png"/>
    <file href="imagen.8.png"/>
    <file href="imagen.10.png"/>
    <file href="imagen.9.png"/>
    <file href="interactive-video-bg.gif"/>
    <file href="interactive-video-less.gif"/>
    <file href="interactive-video-loading.gif"/>
    <file href="interactive-video-more.gif"/>
    <file href="interactive-video-sorter.png"/>
    <file href="interactive-video.css"/>
    <file href="interactive-video.js"/>
</resource>
<resource identifier="RES-eXeadPractica5fdb2d312593a97f3228" type="webcontent" href="ejercicio_9__circuito_4__luz_controlada_desde_dos_mandos.html"> 
    <file href="ejercicio_9__circuito_4__luz_controlada_desde_dos_mandos.html"/>
    <file href="base.css"/>
    <file href="content.css"/>
    <file href="exe_html5.js"/>
    <file href="exe_jquery.js"/>
    <file href="imagen.14.png"/>
    <file href="imagen.12.png"/>
    <file href="imagen.13.png"/>
    <file href="SPDT-symbol.png"/>
    <file href="imagen.11.png"/>
    <file href="interactive-video-bg.gif"/>
    <file href="interactive-video-less.gif"/>
    <file href="interactive-video-loading.gif"/>
    <file href="interactive-video-more.gif"/>
    <file href="interactive-video-sorter.png"/>
    <file href="interactive-video.css"/>
    <file href="interactive-video.js"/>
</resource>
<resource identifier="RES-eXeadPractica5fdb2d312593a97f322a" type="webcontent" href="tarea_3_circuitos_con_ms_complejidad.html"> 
    <file href="tarea_3_circuitos_con_ms_complejidad.html"/>
    <file href="base.css"/>
    <file href="content.css"/>
    <file href="exe_html5.js"/>
    <file href="exe_jquery.js"/>
</resource>
<resource identifier="RES-eXeadPractica5fdb2d312593a97f322c" type="webcontent" href="actividad_1_montajes_tambin_habituales_en_una_vivienda.html"> 
    <file href="actividad_1_montajes_tambin_habituales_en_una_vivienda.html"/>
    <file href="base.css"/>
    <file href="content.css"/>
    <file href="exe_html5.js"/>
    <file href="exe_jquery.js"/>
</resource>
<resource identifier="RES-eXeadPractica5fdb2d312593a97f332e" type="webcontent" href="ejercicio_10__luz_controlada_desde_tres_mandos_circuito_5.html"> 
    <file href="ejercicio_10__luz_controlada_desde_tres_mandos_circuito_5.html"/>
    <file href="base.css"/>
    <file href="content.css"/>
    <file href="exe_html5.js"/>
    <file href="exe_jquery.js"/>
    <file href="imagen.16.png"/>
    <file href="imagen.17.png"/>
    <file href="imagen.15.png"/>
    <file href="llaveCruce.png"/>
    <file href="4-way_switches_position_6.svg"/>
    <file href="interactive-video-bg.gif"/>
    <file href="interactive-video-less.gif"/>
    <file href="interactive-video-loading.gif"/>
    <file href="interactive-video-more.gif"/>
    <file href="interactive-video-sorter.png"/>
    <file href="interactive-video.css"/>
    <file href="interactive-video.js"/>
</resource>
<resource identifier="RES-eXeadPractica5fdb2d312593a97f3330" type="webcontent" href="ejercicio_11_instalacin_completa_de_una_habitacin_circuito_6.html"> 
    <file href="ejercicio_11_instalacin_completa_de_una_habitacin_circuito_6.html"/>
    <file href="base.css"/>
    <file href="content.css"/>
    <file href="exe_html5.js"/>
    <file href="exe_jquery.js"/>
    <file href="Schuko_socket_wiring.jpeg"/>
    <file href="imagen.19.png"/>
    <file href="imagen.18.png"/>
    <file href="imagen.20.png"/>
    <file href="interactive-video-bg.gif"/>
    <file href="interactive-video-less.gif"/>
    <file href="interactive-video-loading.gif"/>
    <file href="interactive-video-more.gif"/>
    <file href="interactive-video-sorter.png"/>
    <file href="interactive-video.css"/>
    <file href="interactive-video.js"/>
</resource>
<resource identifier="RES-eXeadPractica5fdb2d312593a97f3332" type="webcontent" href="actividad_2_montajes_no_tan_habituales.html"> 
    <file href="actividad_2_montajes_no_tan_habituales.html"/>
    <file href="base.css"/>
    <file href="content.css"/>
    <file href="exe_html5.js"/>
    <file href="exe_jquery.js"/>
</resource>
<resource identifier="RES-eXeadPractica5fdb2d312593a97f3334" type="webcontent" href="ejercicio_12_fluorescente_circuito_7.html"> 
    <file href="ejercicio_12_fluorescente_circuito_7.html"/>
    <file href="base.css"/>
    <file href="content.css"/>
    <file href="exe_html5.js"/>
    <file href="exe_jquery.js"/>
    <file href="Fluorescent_Light.svg"/>
    <file href="imagen.24.png"/>
    <file href="imagen.23.png"/>
    <file href="Luz_fluorescente-LMB.png"/>
    <file href="imagen.21.png"/>
</resource>
<resource identifier="RES-eXeadPractica5fdb2d312593a97f3436" type="webcontent" href="ejercicio_13_focos_con_transformador_circuito_8.html"> 
    <file href="ejercicio_13_focos_con_transformador_circuito_8.html"/>
    <file href="base.css"/>
    <file href="content.css"/>
    <file href="exe_html5.js"/>
    <file href="exe_jquery.js"/>
    <file href="img1.1.png"/>
    <file href="img0.1.png"/>
    <file href="img2.1.png"/>
</resource>
<resource identifier="RES-eXeadPractica5fdb2d312593a97f3438" type="webcontent" href="ejercicio_14_luces_de_una_bodega_circuito_9.html"> 
    <file href="ejercicio_14_luces_de_una_bodega_circuito_9.html"/>
    <file href="base.css"/>
    <file href="content.css"/>
    <file href="exe_html5.js"/>
    <file href="exe_jquery.js"/>
    <file href="practica_alumbrado_bodega.jpg"/>
    <file href="architecture-2880698_1920.jpg"/>
    <file href="img1.2.png"/>
    <file href="img0.2.png"/>
</resource>
</resources>
</manifest>
